name,mos
p01_geocnn_r01.ply,1.079650616
p01_geocnn_r02.ply,1.057185451
p01_geocnn_r03.ply,3.759313116
p01_geocnn_r04.ply,3.754941272
p01_gpcc-octree-predlift_r02.ply,2.10577713
p01_gpcc-octree-predlift_r03.ply,3.361438653
p01_gpcc-octree-predlift_r04.ply,3.764877812
p01_gpcc-octree-predlift_r05.ply,4.253538797
p01_gpcc-octree-predlift_r06.ply,4.267853103
p01_gpcc-octree-raht_r02.ply,1.640837245
p01_gpcc-octree-raht_r03.ply,3.127493275
p01_gpcc-octree-raht_r04.ply,3.848859276
p01_gpcc-octree-raht_r05.ply,4.600221832
p01_gpcc-octree-raht_r06.ply,4.541709218
p01_vpcc_r00.ply,2.106820791
p01_vpcc_r01.ply,2.789528824
p01_vpcc_r02.ply,3.054361367
p01_vpcc_r03.ply,3.138312381
p01_vpcc_r04.ply,3.388373001
p01_vpcc_r05.ply,3.945140631
p02_geocnn_r01.ply,1.965844382
p02_geocnn_r02.ply,3.211647192
p02_geocnn_r03.ply,3.26541245
p02_geocnn_r04.ply,3.419199486
p02_gpcc-octree-predlift_r02.ply,1.362266575
p02_gpcc-octree-predlift_r03.ply,2.345566281
p02_gpcc-octree-predlift_r04.ply,3.970275047
p02_gpcc-octree-predlift_r05.ply,4.230449152
p02_gpcc-octree-predlift_r06.ply,4.469620757
p02_gpcc-octree-raht_r02.ply,1.217866914
p02_gpcc-octree-raht_r03.ply,2.015791978
p02_gpcc-octree-raht_r04.ply,3.488314819
p02_gpcc-octree-raht_r05.ply,4.093309243
p02_gpcc-octree-raht_r06.ply,4.331084171
p02_vpcc_r00.ply,1.609645248
p02_vpcc_r01.ply,2.167550799
p02_vpcc_r02.ply,3.093927394
p02_vpcc_r03.ply,3.487489458
p02_vpcc_r04.ply,3.485205725
p02_vpcc_r05.ply,3.974665036
p03_geocnn_r01.ply,2.494971006
p03_geocnn_r02.ply,2.984772688
p03_geocnn_r03.ply,3.648791077
p03_geocnn_r04.ply,3.372937088
p03_gpcc-octree-predlift_r02.ply,1.441520894
p03_gpcc-octree-predlift_r03.ply,3.070750499
p03_gpcc-octree-predlift_r04.ply,4.072438741
p03_gpcc-octree-predlift_r05.ply,3.990986114
p03_gpcc-octree-predlift_r06.ply,4.314907765
p03_gpcc-octree-raht_r02.ply,1.489301506
p03_gpcc-octree-raht_r03.ply,2.917084131
p03_gpcc-octree-raht_r04.ply,3.835404797
p03_gpcc-octree-raht_r05.ply,4.295872353
p03_gpcc-octree-raht_r06.ply,4.510437144
p03_vpcc_r00.ply,2.119991233
p03_vpcc_r01.ply,2.941540814
p03_vpcc_r02.ply,2.947343613
p03_vpcc_r03.ply,3.552730908
p03_vpcc_r04.ply,3.572730463
p03_vpcc_r05.ply,3.798203654
p04_geocnn_r01.ply,4.251724154
p04_geocnn_r02.ply,4.280860612
p04_geocnn_r03.ply,4.573453185
p04_geocnn_r04.ply,4.198448997
p04_gpcc-octree-predlift_r02.ply,1.654943262
p04_gpcc-octree-predlift_r03.ply,3.560143642
p04_gpcc-octree-predlift_r04.ply,3.943337515
p04_gpcc-octree-predlift_r05.ply,4.493860503
p04_gpcc-octree-predlift_r06.ply,4.605964249
p04_gpcc-octree-raht_r02.ply,1.246800485
p04_gpcc-octree-raht_r03.ply,3.218501963
p04_gpcc-octree-raht_r04.ply,4.137873656
p04_gpcc-octree-raht_r05.ply,4.570503837
p04_gpcc-octree-raht_r06.ply,4.42170779
p04_vpcc_r00.ply,1.78564099
p04_vpcc_r01.ply,2.575352327
p04_vpcc_r02.ply,3.782959251
p04_vpcc_r03.ply,4.252626171
p04_vpcc_r04.ply,4.654528969
p04_vpcc_r05.ply,4.752876209
p05_geocnn_r01.ply,1.824295578
p05_geocnn_r02.ply,2.699776641
p05_geocnn_r03.ply,3.286476199
p05_geocnn_r04.ply,3.000590654
p05_gpcc-octree-predlift_r02.ply,1.468168702
p05_gpcc-octree-predlift_r03.ply,2.936357398
p05_gpcc-octree-predlift_r04.ply,3.526917089
p05_gpcc-octree-predlift_r05.ply,3.941627292
p05_gpcc-octree-predlift_r06.ply,4.185825236
p05_gpcc-octree-raht_r02.ply,1.337513808
p05_gpcc-octree-raht_r03.ply,2.537219445
p05_gpcc-octree-raht_r04.ply,3.32377992
p05_gpcc-octree-raht_r05.ply,3.965411157
p05_gpcc-octree-raht_r06.ply,4.229402555
p05_vpcc_r00.ply,1.941959996
p05_vpcc_r01.ply,2.62508473
p05_vpcc_r02.ply,2.907098425
p05_vpcc_r03.ply,3.379222859
p05_vpcc_r04.ply,3.39391684
p05_vpcc_r05.ply,3.703262717
p06_geocnn_r01.ply,2.384325762
p06_geocnn_r02.ply,3.879698817
p06_geocnn_r03.ply,4.097189166
p06_geocnn_r04.ply,4.376373477
p06_gpcc-octree-predlift_r02.ply,1.712150219
p06_gpcc-octree-predlift_r03.ply,2.852359723
p06_gpcc-octree-predlift_r04.ply,3.725223464
p06_gpcc-octree-predlift_r05.ply,4.24186257
p06_gpcc-octree-predlift_r06.ply,4.480804488
p06_gpcc-octree-raht_r02.ply,1.749148663
p06_gpcc-octree-raht_r03.ply,2.430517939
p06_gpcc-octree-raht_r04.ply,3.37367289
p06_gpcc-octree-raht_r05.ply,3.917336336
p06_gpcc-octree-raht_r06.ply,4.287034287
p06_vpcc_r00.ply,2.348410981
p06_vpcc_r01.ply,2.745768291
p06_vpcc_r02.ply,3.084227714
p06_vpcc_r03.ply,3.214316529
p06_vpcc_r04.ply,3.646175581
p06_vpcc_r05.ply,3.98734891
p07_geocnn_r01.ply,2.690543988
p07_geocnn_r02.ply,3.239723119
p07_geocnn_r03.ply,4.100585412
p07_geocnn_r04.ply,4.062528369
p07_gpcc-octree-predlift_r02.ply,1.401941613
p07_gpcc-octree-predlift_r03.ply,2.664384082
p07_gpcc-octree-predlift_r04.ply,3.73758783
p07_gpcc-octree-predlift_r05.ply,4.220238452
p07_gpcc-octree-predlift_r06.ply,4.607404622
p07_gpcc-octree-raht_r02.ply,1.245858544
p07_gpcc-octree-raht_r03.ply,2.336955342
p07_gpcc-octree-raht_r04.ply,3.214282756
p07_gpcc-octree-raht_r05.ply,4.318583015
p07_gpcc-octree-raht_r06.ply,4.477436808
p07_vpcc_r00.ply,1.694025541
p07_vpcc_r01.ply,2.043938726
p07_vpcc_r02.ply,2.767239517
p07_vpcc_r03.ply,2.81291795
p07_vpcc_r04.ply,3.426279779
p07_vpcc_r05.ply,3.741378541
p08_geocnn_r01.ply,2.429087545
p08_geocnn_r02.ply,3.735764754
p08_geocnn_r03.ply,4.1367413
p08_geocnn_r04.ply,4.104904483
p08_gpcc-octree-predlift_r02.ply,1.614949602
p08_gpcc-octree-predlift_r03.ply,2.956578653
p08_gpcc-octree-predlift_r04.ply,3.732212392
p08_gpcc-octree-predlift_r05.ply,4.310254988
p08_gpcc-octree-predlift_r06.ply,4.391323219
p08_gpcc-octree-raht_r02.ply,1.267809571
p08_gpcc-octree-raht_r03.ply,2.604661488
p08_gpcc-octree-raht_r04.ply,3.239282824
p08_gpcc-octree-raht_r05.ply,4.124334682
p08_gpcc-octree-raht_r06.ply,4.431288022
p08_vpcc_r00.ply,1.789625175
p08_vpcc_r01.ply,2.602180168
p08_vpcc_r02.ply,3.172447138
p08_vpcc_r03.ply,3.426271716
p08_vpcc_r04.ply,3.368283843
p08_vpcc_r05.ply,3.856686918
p09_geocnn_r01.ply,2.029279045
p09_geocnn_r02.ply,3.358737123
p09_geocnn_r03.ply,3.986305935
p09_geocnn_r04.ply,3.430914241
p09_gpcc-octree-predlift_r02.ply,1.401000599
p09_gpcc-octree-predlift_r03.ply,2.444660481
p09_gpcc-octree-predlift_r04.ply,3.863616255
p09_gpcc-octree-predlift_r05.ply,4.387176025
p09_gpcc-octree-predlift_r06.ply,4.449430409
p09_gpcc-octree-raht_r02.ply,1.142261459
p09_gpcc-octree-raht_r03.ply,2.247466686
p09_gpcc-octree-raht_r04.ply,3.750752886
p09_gpcc-octree-raht_r05.ply,4.363485841
p09_gpcc-octree-raht_r06.ply,4.597731404
p09_vpcc_r00.ply,1.625237576
p09_vpcc_r01.ply,2.280851516
p09_vpcc_r02.ply,2.529170141
p09_vpcc_r03.ply,2.772501702
p09_vpcc_r04.ply,3.520804745
p09_vpcc_r05.ply,3.375537066
p10_geocnn_r01.ply,2.741973317
p10_geocnn_r02.ply,3.687188368
p10_geocnn_r03.ply,3.952811549
p10_geocnn_r04.ply,4.007884046
p10_gpcc-octree-predlift_r02.ply,1.68182911
p10_gpcc-octree-predlift_r03.ply,3.276278475
p10_gpcc-octree-predlift_r04.ply,4.089330433
p10_gpcc-octree-predlift_r05.ply,4.429640202
p10_gpcc-octree-predlift_r06.ply,4.490733055
p10_gpcc-octree-raht_r02.ply,1.673145022
p10_gpcc-octree-raht_r03.ply,2.684987908
p10_gpcc-octree-raht_r04.ply,3.951900556
p10_gpcc-octree-raht_r05.ply,4.277341627
p10_gpcc-octree-raht_r06.ply,4.463327317
p10_vpcc_r00.ply,2.155001879
p10_vpcc_r01.ply,2.686806095
p10_vpcc_r02.ply,2.971406972
p10_vpcc_r03.ply,3.337996488
p10_vpcc_r04.ply,3.906752786
p10_vpcc_r05.ply,3.627788851
p16_geocnn_r01.ply,3.552647301
p16_geocnn_r02.ply,4.212292379
p16_geocnn_r03.ply,4.521001686
p16_geocnn_r04.ply,4.743963609
p16_gpcc-octree-predlift_r02.ply,1.27869442
p16_gpcc-octree-predlift_r03.ply,2.433873287
p16_gpcc-octree-predlift_r04.ply,3.66608148
p16_gpcc-octree-predlift_r05.ply,4.365441735
p16_gpcc-octree-predlift_r06.ply,4.431473303
p16_gpcc-octree-raht_r02.ply,1.195388085
p16_gpcc-octree-raht_r03.ply,2.246403739
p16_gpcc-octree-raht_r04.ply,3.544566745
p16_gpcc-octree-raht_r05.ply,4.161042373
p16_gpcc-octree-raht_r06.ply,4.368667629
p16_vpcc_r00.ply,1.937142161
p16_vpcc_r01.ply,2.681927786
p16_vpcc_r02.ply,3.178123462
p16_vpcc_r03.ply,3.870856813
p16_vpcc_r04.ply,4.373700543
p16_vpcc_r05.ply,4.625763547
p17_geocnn_r01.ply,3.661395304
p17_geocnn_r02.ply,3.950030388
p17_geocnn_r03.ply,4.11852455
p17_geocnn_r04.ply,4.737644396
p17_gpcc-octree-predlift_r02.ply,1.190927175
p17_gpcc-octree-predlift_r03.ply,2.460974677
p17_gpcc-octree-predlift_r04.ply,3.718113426
p17_gpcc-octree-predlift_r05.ply,4.264385222
p17_gpcc-octree-predlift_r06.ply,4.572005771
p17_gpcc-octree-raht_r02.ply,1.039336585
p17_gpcc-octree-raht_r03.ply,2.014437359
p17_gpcc-octree-raht_r04.ply,3.252036909
p17_gpcc-octree-raht_r05.ply,4.1988695
p17_gpcc-octree-raht_r06.ply,4.501220589
p17_vpcc_r00.ply,1.353734422
p17_vpcc_r01.ply,2.255687513
p17_vpcc_r02.ply,3.066268539
p17_vpcc_r03.ply,3.682521254
p17_vpcc_r04.ply,4.258422947
p17_vpcc_r05.ply,4.603250231
p18_geocnn_r01.ply,3.836707208
p18_geocnn_r02.ply,3.974905933
p18_geocnn_r03.ply,4.504401097
p18_geocnn_r04.ply,4.491485763
p18_gpcc-octree-predlift_r02.ply,1.345530792
p18_gpcc-octree-predlift_r03.ply,3.188122285
p18_gpcc-octree-predlift_r04.ply,4.361911799
p18_gpcc-octree-predlift_r05.ply,4.432571439
p18_gpcc-octree-predlift_r06.ply,4.722847711
p18_gpcc-octree-raht_r02.ply,1.125865377
p18_gpcc-octree-raht_r03.ply,2.771285447
p18_gpcc-octree-raht_r04.ply,3.92759366
p18_gpcc-octree-raht_r05.ply,4.488007211
p18_gpcc-octree-raht_r06.ply,4.437161822
p18_vpcc_r00.ply,2.450139389
p18_vpcc_r01.ply,3.395642867
p18_vpcc_r02.ply,3.8587383
p18_vpcc_r03.ply,4.672485879
p18_vpcc_r04.ply,4.726639719
p18_vpcc_r05.ply,4.660942587
p19_geocnn_r01.ply,4.500172289
p19_geocnn_r02.ply,4.768703155
p19_geocnn_r03.ply,4.765387763
p19_geocnn_r04.ply,4.756210344
p19_gpcc-octree-predlift_r02.ply,1.55720854
p19_gpcc-octree-predlift_r03.ply,3.259934112
p19_gpcc-octree-predlift_r04.ply,4.702748772
p19_gpcc-octree-predlift_r05.ply,4.7671284
p19_gpcc-octree-predlift_r06.ply,4.774380397
p19_gpcc-octree-raht_r02.ply,1.450345998
p19_gpcc-octree-raht_r03.ply,2.843957503
p19_gpcc-octree-raht_r04.ply,4.407436192
p19_gpcc-octree-raht_r05.ply,4.685190766
p19_gpcc-octree-raht_r06.ply,4.834236123
p19_vpcc_r00.ply,1.766439047
p19_vpcc_r01.ply,2.461122742
p19_vpcc_r02.ply,3.877446044
p19_vpcc_r03.ply,4.530490415
p19_vpcc_r04.ply,4.821499311
p19_vpcc_r05.ply,4.746732117
p20_geocnn_r01.ply,3.788032841
p20_geocnn_r02.ply,4.284703593
p20_geocnn_r03.ply,4.434833028
p20_geocnn_r04.ply,4.525419998
p20_gpcc-octree-predlift_r02.ply,1.643533265
p20_gpcc-octree-predlift_r03.ply,2.523025726
p20_gpcc-octree-predlift_r04.ply,3.928207194
p20_gpcc-octree-predlift_r05.ply,4.517857821
p20_gpcc-octree-predlift_r06.ply,4.607569602
p20_gpcc-octree-raht_r02.ply,1.401573282
p20_gpcc-octree-raht_r03.ply,2.570518911
p20_gpcc-octree-raht_r04.ply,3.792747786
p20_gpcc-octree-raht_r05.ply,4.388009535
p20_gpcc-octree-raht_r06.ply,4.643334905
p20_vpcc_r00.ply,2.09774313
p20_vpcc_r01.ply,2.335826909
p20_vpcc_r02.ply,3.027331744
p20_vpcc_r03.ply,3.610711079
p20_vpcc_r04.ply,4.108881408
p20_vpcc_r05.ply,4.635942175
p21_geocnn_r01.ply,3.946688025
p21_geocnn_r02.ply,4.373589429
p21_geocnn_r03.ply,4.449977026
p21_geocnn_r04.ply,4.80727069
p21_gpcc-octree-predlift_r02.ply,1.759401582
p21_gpcc-octree-predlift_r03.ply,2.840334544
p21_gpcc-octree-predlift_r04.ply,4.298433275
p21_gpcc-octree-predlift_r05.ply,4.605269689
p21_gpcc-octree-predlift_r06.ply,4.743918961
p21_gpcc-octree-raht_r02.ply,1.663663183
p21_gpcc-octree-raht_r03.ply,3.048362007
p21_gpcc-octree-raht_r04.ply,3.963536046
p21_gpcc-octree-raht_r05.ply,4.554139962
p21_gpcc-octree-raht_r06.ply,4.7338777
p21_vpcc_r00.ply,2.354445134
p21_vpcc_r01.ply,2.949839027
p21_vpcc_r02.ply,3.554261046
p21_vpcc_r03.ply,4.223110386
p21_vpcc_r04.ply,4.726796145
p21_vpcc_r05.ply,4.790481699
p22_geocnn_r01.ply,3.824083366
p22_geocnn_r02.ply,4.600005133
p22_geocnn_r03.ply,4.721252716
p22_geocnn_r04.ply,4.795471072
p22_gpcc-octree-predlift_r02.ply,1.453748967
p22_gpcc-octree-predlift_r03.ply,3.091482139
p22_gpcc-octree-predlift_r04.ply,4.414727483
p22_gpcc-octree-predlift_r05.ply,4.586039251
p22_gpcc-octree-predlift_r06.ply,4.718973124
p22_gpcc-octree-raht_r02.ply,1.303641336
p22_gpcc-octree-raht_r03.ply,2.615146539
p22_gpcc-octree-raht_r04.ply,4.413740312
p22_gpcc-octree-raht_r05.ply,4.690551093
p22_gpcc-octree-raht_r06.ply,4.639478251
p22_vpcc_r00.ply,1.994442264
p22_vpcc_r01.ply,2.74768197
p22_vpcc_r02.ply,3.740342992
p22_vpcc_r03.ply,4.592665732
p22_vpcc_r04.ply,4.676959562
p22_vpcc_r05.ply,4.758027444
p23_geocnn_r01.ply,4.256738653
p23_geocnn_r02.ply,4.652610484
p23_geocnn_r03.ply,4.430030656
p23_geocnn_r04.ply,4.832279222
p23_gpcc-octree-predlift_r02.ply,2.153345486
p23_gpcc-octree-predlift_r03.ply,3.394906012
p23_gpcc-octree-predlift_r04.ply,4.651033134
p23_gpcc-octree-predlift_r05.ply,4.670677228
p23_gpcc-octree-predlift_r06.ply,4.654118473
p23_gpcc-octree-raht_r02.ply,1.683271436
p23_gpcc-octree-raht_r03.ply,3.151949631
p23_gpcc-octree-raht_r04.ply,4.52411065
p23_gpcc-octree-raht_r05.ply,4.682844312
p23_gpcc-octree-raht_r06.ply,4.744206937
p23_vpcc_r00.ply,2.404582314
p23_vpcc_r01.ply,3.322950027
p23_vpcc_r02.ply,3.948556469
p23_vpcc_r03.ply,4.368789444
p23_vpcc_r04.ply,4.758783685
p23_vpcc_r05.ply,4.526182335
p24_geocnn_r01.ply,4.223448741
p24_geocnn_r02.ply,4.591167959
p24_geocnn_r03.ply,4.599592104
p24_geocnn_r04.ply,4.633445826
p24_gpcc-octree-predlift_r02.ply,1.489248169
p24_gpcc-octree-predlift_r03.ply,2.931534579
p24_gpcc-octree-predlift_r04.ply,4.208053246
p24_gpcc-octree-predlift_r05.ply,4.560614544
p24_gpcc-octree-predlift_r06.ply,4.580295712
p24_gpcc-octree-raht_r02.ply,1.235113047
p24_gpcc-octree-raht_r03.ply,2.441391366
p24_gpcc-octree-raht_r04.ply,3.764998845
p24_gpcc-octree-raht_r05.ply,4.449062109
p24_gpcc-octree-raht_r06.ply,4.689903043
p24_vpcc_r00.ply,1.693126121
p24_vpcc_r01.ply,2.427174033
p24_vpcc_r02.ply,3.105811518
p24_vpcc_r03.ply,4.188638901
p24_vpcc_r04.ply,4.419825103
p24_vpcc_r05.ply,4.613597863
p25_geocnn_r01.ply,4.379562061
p25_geocnn_r02.ply,4.612874205
p25_geocnn_r03.ply,4.749114321
p25_geocnn_r04.ply,4.626742528
p25_gpcc-octree-predlift_r02.ply,1.542373067
p25_gpcc-octree-predlift_r03.ply,3.033568779
p25_gpcc-octree-predlift_r04.ply,4.299779275
p25_gpcc-octree-predlift_r05.ply,4.543072931
p25_gpcc-octree-predlift_r06.ply,4.707708665
p25_gpcc-octree-raht_r02.ply,1.51897925
p25_gpcc-octree-raht_r03.ply,2.71990684
p25_gpcc-octree-raht_r04.ply,3.983468697
p25_gpcc-octree-raht_r05.ply,4.516184422
p25_gpcc-octree-raht_r06.ply,4.816475129
p25_vpcc_r00.ply,2.026276582
p25_vpcc_r01.ply,2.622167367
p25_vpcc_r02.ply,3.375209031
p25_vpcc_r03.ply,4.339457603
p25_vpcc_r04.ply,4.639259939
p25_vpcc_r05.ply,4.674341228
p26_geocnn_r01.ply,3.523156399
p26_geocnn_r02.ply,3.794443623
p26_geocnn_r03.ply,4.030388401
p26_geocnn_r04.ply,4.277576267
p26_gpcc-octree-predlift_r02.ply,1.203682991
p26_gpcc-octree-predlift_r03.ply,2.63521511
p26_gpcc-octree-predlift_r04.ply,4.122144992
p26_gpcc-octree-predlift_r05.ply,4.461635088
p26_gpcc-octree-predlift_r06.ply,4.612069736
p26_gpcc-octree-raht_r02.ply,1.118931872
p26_gpcc-octree-raht_r03.ply,1.973384531
p26_gpcc-octree-raht_r04.ply,3.921120619
p26_gpcc-octree-raht_r05.ply,4.521009979
p26_gpcc-octree-raht_r06.ply,4.569581879
p26_vpcc_r00.ply,1.751934589
p26_vpcc_r01.ply,2.882829187
p26_vpcc_r02.ply,3.55482374
p26_vpcc_r03.ply,4.179329773
p26_vpcc_r04.ply,4.696900782
p26_vpcc_r05.ply,4.664832252
p27_geocnn_r01.ply,3.51896975
p27_geocnn_r02.ply,4.426499827
p27_geocnn_r03.ply,4.44939006
p27_geocnn_r04.ply,4.720566973
p27_gpcc-octree-predlift_r02.ply,1.34406289
p27_gpcc-octree-predlift_r03.ply,3.100691438
p27_gpcc-octree-predlift_r04.ply,4.386814418
p27_gpcc-octree-predlift_r05.ply,4.478545686
p27_gpcc-octree-predlift_r06.ply,4.556572199
p27_gpcc-octree-raht_r02.ply,1.207104028
p27_gpcc-octree-raht_r03.ply,2.847057316
p27_gpcc-octree-raht_r04.ply,3.879792144
p27_gpcc-octree-raht_r05.ply,4.660069674
p27_gpcc-octree-raht_r06.ply,4.621706196
p27_vpcc_r00.ply,2.733374048
p27_vpcc_r01.ply,3.3677365
p27_vpcc_r02.ply,3.920227191
p27_vpcc_r03.ply,4.368681952
p27_vpcc_r04.ply,4.564288034
p27_vpcc_r05.ply,4.608212709
p28_geocnn_r01.ply,4.009246405
p28_geocnn_r02.ply,4.411908838
p28_geocnn_r03.ply,4.560125952
p28_geocnn_r04.ply,4.709449264
p28_gpcc-octree-predlift_r02.ply,1.32931314
p28_gpcc-octree-predlift_r03.ply,3.202188441
p28_gpcc-octree-predlift_r04.ply,4.41529549
p28_gpcc-octree-predlift_r05.ply,4.713794751
p28_gpcc-octree-predlift_r06.ply,4.805735032
p28_gpcc-octree-raht_r02.ply,1.141030856
p28_gpcc-octree-raht_r03.ply,2.92407346
p28_gpcc-octree-raht_r04.ply,4.370677083
p28_gpcc-octree-raht_r05.ply,4.575142614
p28_gpcc-octree-raht_r06.ply,4.772323581
p28_vpcc_r00.ply,2.743201932
p28_vpcc_r01.ply,3.336559156
p28_vpcc_r02.ply,3.918099777
p28_vpcc_r03.ply,4.7292052
p28_vpcc_r04.ply,4.770591514
p28_vpcc_r05.ply,4.84061814
p29_geocnn_r01.ply,2.372615114
p29_geocnn_r02.ply,3.048274387
p29_geocnn_r03.ply,3.363508295
p29_geocnn_r04.ply,3.642376507
p29_gpcc-octree-predlift_r02.ply,1.736680349
p29_gpcc-octree-predlift_r03.ply,3.050545964
p29_gpcc-octree-predlift_r04.ply,4.419983183
p29_gpcc-octree-predlift_r05.ply,4.474141122
p29_gpcc-octree-predlift_r06.ply,4.450378451
p29_gpcc-octree-raht_r02.ply,1.595355938
p29_gpcc-octree-raht_r03.ply,3.143863256
p29_gpcc-octree-raht_r04.ply,4.329900705
p29_gpcc-octree-raht_r05.ply,4.305996894
p29_gpcc-octree-raht_r06.ply,4.382524451
p29_vpcc_r00.ply,2.996366974
p29_vpcc_r01.ply,3.438150328
p29_vpcc_r02.ply,3.799653527
p29_vpcc_r03.ply,4.092877318
p29_vpcc_r04.ply,4.055519885
p29_vpcc_r05.ply,4.219420232
p30_geocnn_r01.ply,2.685787814
p30_geocnn_r02.ply,3.562262582
p30_geocnn_r03.ply,3.807057478
p30_geocnn_r04.ply,4.256627756
p30_gpcc-octree-predlift_r02.ply,1.734343225
p30_gpcc-octree-predlift_r03.ply,3.0281403
p30_gpcc-octree-predlift_r04.ply,4.081999708
p30_gpcc-octree-predlift_r05.ply,4.144419567
p30_gpcc-octree-predlift_r06.ply,4.380123367
p30_gpcc-octree-raht_r02.ply,1.603646195
p30_gpcc-octree-raht_r03.ply,3.174149759
p30_gpcc-octree-raht_r04.ply,4.182465897
p30_gpcc-octree-raht_r05.ply,4.059574146
p30_gpcc-octree-raht_r06.ply,4.39537575
p30_vpcc_r00.ply,3.001019341
p30_vpcc_r01.ply,3.599030734
p30_vpcc_r02.ply,3.978065595
p30_vpcc_r03.ply,3.987012897
p30_vpcc_r04.ply,3.926812714
p30_vpcc_r05.ply,3.976917507
p31_geocnn_r01.ply,4.580823414
p31_geocnn_r02.ply,4.685153097
p31_geocnn_r03.ply,4.887099391
p31_geocnn_r04.ply,4.866037309
p31_gpcc-octree-predlift_r02.ply,1.431179948
p31_gpcc-octree-predlift_r03.ply,3.381382897
p31_gpcc-octree-predlift_r04.ply,4.360271926
p31_gpcc-octree-predlift_r05.ply,4.636083297
p31_gpcc-octree-predlift_r06.ply,4.727654318
p31_gpcc-octree-raht_r02.ply,1.291918468
p31_gpcc-octree-raht_r03.ply,2.606866781
p31_gpcc-octree-raht_r04.ply,4.276294567
p31_gpcc-octree-raht_r05.ply,4.676756402
p31_gpcc-octree-raht_r06.ply,4.742144387
p31_vpcc_r00.ply,1.715671955
p31_vpcc_r01.ply,2.798046805
p31_vpcc_r02.ply,3.849330445
p31_vpcc_r03.ply,4.504239662
p31_vpcc_r04.ply,4.65811444
p31_vpcc_r05.ply,4.900231542
p32_gpcc-octree-predlift_r02.ply,1.252476707
p32_gpcc-octree-predlift_r03.ply,2.9527723
p32_gpcc-octree-predlift_r04.ply,4.115035637
p32_gpcc-octree-predlift_r05.ply,4.141658595
p32_gpcc-octree-predlift_r06.ply,4.309617157
p32_gpcc-octree-raht_r02.ply,1.200099824
p32_gpcc-octree-raht_r03.ply,2.568091523
p32_gpcc-octree-raht_r04.ply,3.697438325
p32_gpcc-octree-raht_r05.ply,4.089618627
p32_gpcc-octree-raht_r06.ply,4.504880352
p32_vpcc_r00.ply,3.017217733
p32_vpcc_r01.ply,3.959292548
p32_vpcc_r02.ply,4.116090543
p32_vpcc_r03.ply,4.050622887
p32_vpcc_r04.ply,4.156119629
p32_vpcc_r05.ply,4.369828061
p33_geocnn_r01.ply,2.223678361
p33_geocnn_r02.ply,2.946690185
p33_geocnn_r03.ply,3.644832287
p33_geocnn_r04.ply,4.42364513
p33_gpcc-octree-predlift_r02.ply,1.415597296
p33_gpcc-octree-predlift_r03.ply,2.737912831
p33_gpcc-octree-predlift_r04.ply,3.915885839
p33_gpcc-octree-predlift_r05.ply,4.297296109
p33_gpcc-octree-predlift_r06.ply,4.340243835
p33_gpcc-octree-raht_r02.ply,1.551726022
p33_gpcc-octree-raht_r03.ply,2.516853103
p33_gpcc-octree-raht_r04.ply,3.617635422
p33_gpcc-octree-raht_r05.ply,3.953140546
p33_gpcc-octree-raht_r06.ply,4.308352381
p33_vpcc_r00.ply,1.78443828
p33_vpcc_r01.ply,1.908650543
p33_vpcc_r02.ply,2.472965682
p33_vpcc_r03.ply,2.525017957
p33_vpcc_r04.ply,2.636931588
p33_vpcc_r05.ply,3.26293341
p34_geocnn_r01.ply,3.875939976
p34_geocnn_r02.ply,4.546737909
p34_geocnn_r03.ply,4.426345732
p34_geocnn_r04.ply,4.545792664
p34_gpcc-octree-predlift_r02.ply,2.084761993
p34_gpcc-octree-predlift_r03.ply,3.543804451
p34_gpcc-octree-predlift_r04.ply,4.345670148
p34_gpcc-octree-predlift_r05.ply,4.729392362
p34_gpcc-octree-predlift_r06.ply,4.731923055
p34_gpcc-octree-raht_r02.ply,1.669786828
p34_gpcc-octree-raht_r03.ply,3.419269773
p34_gpcc-octree-raht_r04.ply,4.314845852
p34_gpcc-octree-raht_r05.ply,4.666314301
p34_gpcc-octree-raht_r06.ply,4.643765812
p34_vpcc_r00.ply,3.355018216
p34_vpcc_r01.ply,3.745228879
p34_vpcc_r02.ply,3.899397852
p34_vpcc_r03.ply,4.270619321
p34_vpcc_r04.ply,4.36406419
p34_vpcc_r05.ply,4.524484729
p35_geocnn_r01.ply,3.844392178
p35_geocnn_r02.ply,4.421661609
p35_geocnn_r03.ply,4.449023535
p35_geocnn_r04.ply,4.736201111
p35_gpcc-octree-predlift_r02.ply,1.332897373
p35_gpcc-octree-predlift_r03.ply,3.006372097
p35_gpcc-octree-predlift_r04.ply,4.225658591
p35_gpcc-octree-predlift_r05.ply,4.563370505
p35_gpcc-octree-predlift_r06.ply,4.73569461
p35_gpcc-octree-raht_r02.ply,1.369530651
p35_gpcc-octree-raht_r03.ply,2.231092089
p35_gpcc-octree-raht_r04.ply,4.17218507
p35_gpcc-octree-raht_r05.ply,4.729700233
p35_gpcc-octree-raht_r06.ply,4.777908352
p35_vpcc_r00.ply,1.888467299
p35_vpcc_r01.ply,2.780948036
p35_vpcc_r02.ply,3.525430254
p35_vpcc_r03.ply,3.747455491
p35_vpcc_r04.ply,4.171733866
p35_vpcc_r05.ply,4.637269715
p41_geocnn_r01.ply,4.227608907
p41_geocnn_r02.ply,4.429957
p41_geocnn_r03.ply,4.717672203
p41_geocnn_r04.ply,4.671408552
p41_gpcc-octree-predlift_r02.ply,1.429416914
p41_gpcc-octree-predlift_r03.ply,3.127067186
p41_gpcc-octree-predlift_r04.ply,4.382717869
p41_gpcc-octree-predlift_r05.ply,4.357342511
p41_gpcc-octree-predlift_r06.ply,4.847472591
p41_gpcc-octree-raht_r02.ply,1.344665616
p41_gpcc-octree-raht_r03.ply,2.827048658
p41_gpcc-octree-raht_r04.ply,4.381647766
p41_gpcc-octree-raht_r05.ply,4.610395857
p41_gpcc-octree-raht_r06.ply,4.762194118
p41_vpcc_r00.ply,2.157191279
p41_vpcc_r01.ply,3.092292911
p41_vpcc_r02.ply,3.974770472
p41_vpcc_r03.ply,4.3713858
p41_vpcc_r04.ply,4.522034384
p41_vpcc_r05.ply,4.487006824
p42_geocnn_r01.ply,4.054969573
p42_geocnn_r02.ply,4.304212147
p42_geocnn_r03.ply,4.406910179
p42_geocnn_r04.ply,4.702340889
p42_gpcc-octree-predlift_r02.ply,1.521997676
p42_gpcc-octree-predlift_r03.ply,3.105351761
p42_gpcc-octree-predlift_r04.ply,4.466145725
p42_gpcc-octree-predlift_r05.ply,4.755120091
p42_gpcc-octree-predlift_r06.ply,1.952274859
p42_gpcc-octree-raht_r02.ply,1.183062625
p42_gpcc-octree-raht_r03.ply,3.086281675
p42_gpcc-octree-raht_r04.ply,4.540202629
p42_gpcc-octree-raht_r05.ply,4.715566195
p42_gpcc-octree-raht_r06.ply,4.650392617
p42_vpcc_r00.ply,3.094985701
p42_vpcc_r01.ply,4.278957238
p42_vpcc_r02.ply,4.593505476
p42_vpcc_r03.ply,4.755065972
p42_vpcc_r04.ply,4.733001157
p42_vpcc_r05.ply,4.703868848
p43_geocnn_r01.ply,4.395502561
p43_geocnn_r02.ply,4.608845194
p43_geocnn_r03.ply,4.720652023
p43_geocnn_r04.ply,4.844721623
p43_gpcc-octree-predlift_r02.ply,2.066785104
p43_gpcc-octree-predlift_r03.ply,3.428830541
p43_gpcc-octree-predlift_r04.ply,4.139044497
p43_gpcc-octree-predlift_r05.ply,4.63183351
p43_gpcc-octree-predlift_r06.ply,4.665969849
p43_gpcc-octree-raht_r02.ply,1.422636861
p43_gpcc-octree-raht_r03.ply,3.554345861
p43_gpcc-octree-raht_r04.ply,4.240996406
p43_gpcc-octree-raht_r05.ply,4.616406924
p43_gpcc-octree-raht_r06.ply,4.737603311
p43_vpcc_r00.ply,2.665959594
p43_vpcc_r01.ply,3.605505377
p43_vpcc_r02.ply,3.954657784
p43_vpcc_r03.ply,4.392864588
p43_vpcc_r04.ply,4.66029619
p43_vpcc_r05.ply,4.692099382
p44_geocnn_r01.ply,3.849385111
p44_geocnn_r02.ply,4.284409422
p44_geocnn_r03.ply,4.301743631
p44_geocnn_r04.ply,4.569426984
p44_gpcc-octree-predlift_r02.ply,1.72432873
p44_gpcc-octree-predlift_r03.ply,3.23698193
p44_gpcc-octree-predlift_r04.ply,4.238318177
p44_gpcc-octree-predlift_r05.ply,4.665948711
p44_gpcc-octree-predlift_r06.ply,4.718057433
p44_gpcc-octree-raht_r02.ply,1.218802258
p44_gpcc-octree-raht_r03.ply,2.853020733
p44_gpcc-octree-raht_r04.ply,4.213919688
p44_gpcc-octree-raht_r05.ply,4.391524053
p44_gpcc-octree-raht_r06.ply,4.518935138
p44_vpcc_r00.ply,2.280101944
p44_vpcc_r01.ply,3.108786177
p44_vpcc_r02.ply,3.691125319
p44_vpcc_r03.ply,4.361572424
p44_vpcc_r04.ply,4.524556757
p44_vpcc_r05.ply,4.553007035
p45_geocnn_r01.ply,3.442395599
p45_geocnn_r02.ply,4.119473231
p45_geocnn_r03.ply,4.180803272
p45_geocnn_r04.ply,4.462728013
p45_gpcc-octree-predlift_r02.ply,1.392205455
p45_gpcc-octree-predlift_r03.ply,2.777243633
p45_gpcc-octree-predlift_r04.ply,4.132679907
p45_gpcc-octree-predlift_r05.ply,4.561745608
p45_gpcc-octree-predlift_r06.ply,3.935308502
p45_gpcc-octree-raht_r02.ply,1.277497469
p45_gpcc-octree-raht_r03.ply,2.59354933
p45_gpcc-octree-raht_r04.ply,4.323742816
p45_gpcc-octree-raht_r05.ply,4.672244768
p45_gpcc-octree-raht_r06.ply,4.648627146
p45_vpcc_r00.ply,2.398653431
p45_vpcc_r01.ply,3.617074697
p45_vpcc_r02.ply,4.426349832
p45_vpcc_r03.ply,4.53422151
p45_vpcc_r04.ply,4.473518142
p45_vpcc_r05.ply,4.610528117
p46_geocnn_r01.ply,4.150497609
p46_geocnn_r02.ply,4.400538689
p46_geocnn_r03.ply,4.580936853
p46_geocnn_r04.ply,4.57694548
p46_gpcc-octree-predlift_r02.ply,2.394528032
p46_gpcc-octree-predlift_r03.ply,3.550497152
p46_gpcc-octree-predlift_r04.ply,4.286740641
p46_gpcc-octree-predlift_r05.ply,4.411104854
p46_gpcc-octree-predlift_r06.ply,4.625783516
p46_gpcc-octree-raht_r02.ply,2.063184602
p46_gpcc-octree-raht_r03.ply,3.551078829
p46_gpcc-octree-raht_r04.ply,4.138235165
p46_gpcc-octree-raht_r05.ply,4.493213728
p46_gpcc-octree-raht_r06.ply,4.491201939
p46_vpcc_r00.ply,2.901451862
p46_vpcc_r01.ply,3.130644649
p46_vpcc_r02.ply,3.356306595
p46_vpcc_r03.ply,3.663742772
p46_vpcc_r04.ply,3.879352337
p46_vpcc_r05.ply,4.447809649
p47_geocnn_r01.ply,4.064496994
p47_geocnn_r02.ply,4.445886516
p47_geocnn_r03.ply,4.330173584
p47_geocnn_r04.ply,4.527654531
p47_gpcc-octree-predlift_r02.ply,1.156325161
p47_gpcc-octree-predlift_r03.ply,2.492136374
p47_gpcc-octree-predlift_r04.ply,4.137463267
p47_gpcc-octree-predlift_r05.ply,4.482835912
p47_gpcc-octree-predlift_r06.ply,4.686867611
p47_gpcc-octree-raht_r02.ply,1.142754778
p47_gpcc-octree-raht_r03.ply,2.074469936
p47_gpcc-octree-raht_r04.ply,3.582210119
p47_gpcc-octree-raht_r05.ply,4.323354386
p47_gpcc-octree-raht_r06.ply,4.572109901
p47_vpcc_r00.ply,1.202087986
p47_vpcc_r01.ply,1.904447279
p47_vpcc_r02.ply,2.827401656
p47_vpcc_r03.ply,3.912894187
p47_vpcc_r04.ply,4.556263473
p47_vpcc_r05.ply,4.568503554
p48_geocnn_r01.ply,3.943541859
p48_geocnn_r02.ply,4.412851782
p48_geocnn_r03.ply,4.470705198
p48_geocnn_r04.ply,4.623065997
p48_gpcc-octree-predlift_r02.ply,1.42895618
p48_gpcc-octree-predlift_r03.ply,3.507212795
p48_gpcc-octree-predlift_r04.ply,4.263903979
p48_gpcc-octree-predlift_r05.ply,4.516953993
p48_gpcc-octree-predlift_r06.ply,4.689963301
p48_gpcc-octree-raht_r02.ply,1.603588178
p48_gpcc-octree-raht_r03.ply,3.188978359
p48_gpcc-octree-raht_r04.ply,4.165555387
p48_gpcc-octree-raht_r05.ply,4.433891519
p48_gpcc-octree-raht_r06.ply,4.590998748
p48_vpcc_r00.ply,1.881008635
p48_vpcc_r01.ply,2.820650921
p48_vpcc_r02.ply,3.287722524
p48_vpcc_r03.ply,3.840788305
p48_vpcc_r04.ply,4.127274476
p48_vpcc_r05.ply,4.464249398
p49_geocnn_r01.ply,3.40201083
p49_geocnn_r02.ply,4.254599058
p49_geocnn_r03.ply,3.969974332
p49_geocnn_r04.ply,4.545382437
p49_gpcc-octree-predlift_r02.ply,1.411122927
p49_gpcc-octree-predlift_r03.ply,2.713155704
p49_gpcc-octree-predlift_r04.ply,3.877167382
p49_gpcc-octree-predlift_r05.ply,4.515109528
p49_gpcc-octree-predlift_r06.ply,4.554019549
p49_gpcc-octree-raht_r02.ply,1.417433099
p49_gpcc-octree-raht_r03.ply,2.61639643
p49_gpcc-octree-raht_r04.ply,3.727851134
p49_gpcc-octree-raht_r05.ply,4.345333376
p49_gpcc-octree-raht_r06.ply,4.454285938
p49_vpcc_r00.ply,1.860085145
p49_vpcc_r01.ply,2.76817709
p49_vpcc_r02.ply,3.697220042
p49_vpcc_r03.ply,4.148517755
p49_vpcc_r04.ply,4.516519326
p49_vpcc_r05.ply,4.44640384
p50_geocnn_r01.ply,4.384077807
p50_geocnn_r02.ply,4.576617959
p50_geocnn_r03.ply,4.565939968
p50_geocnn_r04.ply,4.815010021
p50_gpcc-octree-predlift_r02.ply,1.750307207
p50_gpcc-octree-predlift_r03.ply,3.184102749
p50_gpcc-octree-predlift_r04.ply,3.96452275
p50_gpcc-octree-predlift_r05.ply,4.333370951
p50_gpcc-octree-predlift_r06.ply,4.628868038
p50_gpcc-octree-raht_r02.ply,1.385421745
p50_gpcc-octree-raht_r03.ply,2.698975063
p50_gpcc-octree-raht_r04.ply,3.937855769
p50_gpcc-octree-raht_r05.ply,4.324710661
p50_gpcc-octree-raht_r06.ply,4.601111004
p50_vpcc_r00.ply,1.860687427
p50_vpcc_r01.ply,2.793520018
p50_vpcc_r02.ply,3.502272784
p50_vpcc_r03.ply,4.214190763
p50_vpcc_r04.ply,4.529400741
p50_vpcc_r05.ply,4.610093752
p51_geocnn_r01.ply,3.518762741
p51_geocnn_r02.ply,3.958194211
p51_geocnn_r03.ply,4.194357666
p51_geocnn_r04.ply,4.354353997
p51_gpcc-octree-predlift_r02.ply,1.347013501
p51_gpcc-octree-predlift_r03.ply,3.00181988
p51_gpcc-octree-predlift_r04.ply,4.005816865
p51_gpcc-octree-predlift_r05.ply,4.141848297
p51_gpcc-octree-predlift_r06.ply,4.558876653
p51_gpcc-octree-raht_r02.ply,1.381647614
p51_gpcc-octree-raht_r03.ply,2.943140438
p51_gpcc-octree-raht_r04.ply,4.034906534
p51_gpcc-octree-raht_r05.ply,4.311377594
p51_gpcc-octree-raht_r06.ply,4.556746936
p51_vpcc_r00.ply,1.871731547
p51_vpcc_r01.ply,3.033439948
p51_vpcc_r02.ply,3.482530302
p51_vpcc_r03.ply,4.074225525
p51_vpcc_r04.ply,4.198624049
p51_vpcc_r05.ply,4.48451465
p52_geocnn_r01.ply,3.578689106
p52_geocnn_r02.ply,4.28967954
p52_geocnn_r03.ply,4.433914955
p52_geocnn_r04.ply,4.451629395
p52_gpcc-octree-predlift_r02.ply,1.333721059
p52_gpcc-octree-predlift_r03.ply,2.980046593
p52_gpcc-octree-predlift_r04.ply,4.330209502
p52_gpcc-octree-predlift_r05.ply,4.690885393
p52_gpcc-octree-predlift_r06.ply,4.689244013
p52_gpcc-octree-raht_r02.ply,1.444360721
p52_gpcc-octree-raht_r03.ply,2.684165053
p52_gpcc-octree-raht_r04.ply,4.060588257
p52_gpcc-octree-raht_r05.ply,4.629823953
p52_gpcc-octree-raht_r06.ply,4.719335078
p52_vpcc_r00.ply,2.28501467
p52_vpcc_r01.ply,2.809621563
p52_vpcc_r02.ply,3.622270823
p52_vpcc_r03.ply,4.129479637
p52_vpcc_r04.ply,4.610575072
p52_vpcc_r05.ply,4.62092582
p53_geocnn_r01.ply,3.939469182
p53_geocnn_r02.ply,4.455344984
p53_geocnn_r03.ply,4.621951482
p53_geocnn_r04.ply,4.454089047
p53_gpcc-octree-predlift_r02.ply,1.381790812
p53_gpcc-octree-predlift_r03.ply,2.848597902
p53_gpcc-octree-predlift_r04.ply,4.367854781
p53_gpcc-octree-predlift_r05.ply,4.421758918
p53_gpcc-octree-predlift_r06.ply,4.675593064
p53_gpcc-octree-raht_r02.ply,1.149159294
p53_gpcc-octree-raht_r03.ply,2.456872563
p53_gpcc-octree-raht_r04.ply,4.088259577
p53_gpcc-octree-raht_r05.ply,4.584283841
p53_gpcc-octree-raht_r06.ply,4.611492358
p53_vpcc_r00.ply,1.880677781
p53_vpcc_r01.ply,2.772630243
p53_vpcc_r02.ply,3.962041652
p53_vpcc_r03.ply,4.437739724
p53_vpcc_r04.ply,4.528875562
p53_vpcc_r05.ply,4.64881738
p54_geocnn_r01.ply,2.623281086
p54_geocnn_r02.ply,3.526444449
p54_geocnn_r03.ply,4.013297568
p54_geocnn_r04.ply,4.210389089
p54_gpcc-octree-predlift_r02.ply,1.231039536
p54_gpcc-octree-predlift_r03.ply,2.983401665
p54_gpcc-octree-predlift_r04.ply,4.315334367
p54_gpcc-octree-predlift_r05.ply,4.349258448
p54_gpcc-octree-predlift_r06.ply,4.557353126
p54_gpcc-octree-raht_r02.ply,1.355942404
p54_gpcc-octree-raht_r03.ply,3.10835136
p54_gpcc-octree-raht_r04.ply,4.176754842
p54_gpcc-octree-raht_r05.ply,4.410068369
p54_gpcc-octree-raht_r06.ply,4.496308912
p54_vpcc_r00.ply,2.684445984
p54_vpcc_r01.ply,3.37622619
p54_vpcc_r02.ply,4.107143556
p54_vpcc_r03.ply,4.469839144
p54_vpcc_r04.ply,4.484426471
p54_vpcc_r05.ply,4.350569411
p55_geocnn_r01.ply,3.783632047
p55_geocnn_r02.ply,4.12481811
p55_geocnn_r03.ply,4.666320169
p55_geocnn_r04.ply,4.665389674
p55_gpcc-octree-predlift_r02.ply,1.463852506
p55_gpcc-octree-predlift_r03.ply,3.445073732
p55_gpcc-octree-predlift_r04.ply,4.395131256
p55_gpcc-octree-predlift_r05.ply,4.690651644
p55_gpcc-octree-predlift_r06.ply,4.60131312
p55_gpcc-octree-raht_r02.ply,1.36486422
p55_gpcc-octree-raht_r03.ply,3.187863836
p55_gpcc-octree-raht_r04.ply,4.291041785
p55_gpcc-octree-raht_r05.ply,4.68778212
p55_gpcc-octree-raht_r06.ply,4.683889489
p55_vpcc_r00.ply,2.913663905
p55_vpcc_r01.ply,3.650169748
p55_vpcc_r02.ply,4.350406135
p55_vpcc_r03.ply,4.566576792
p55_vpcc_r04.ply,4.765317431
p55_vpcc_r05.ply,4.590784738
p56_geocnn_r01.ply,2.941216968
p56_geocnn_r02.ply,4.193777326
p56_geocnn_r03.ply,4.644408375
p56_geocnn_r04.ply,4.504202941
p56_gpcc-octree-predlift_r02.ply,1.187226624
p56_gpcc-octree-predlift_r03.ply,3.092619776
p56_gpcc-octree-predlift_r04.ply,4.365095594
p56_gpcc-octree-predlift_r05.ply,4.592687188
p56_gpcc-octree-predlift_r06.ply,4.780289183
p56_gpcc-octree-raht_r02.ply,1.389753643
p56_gpcc-octree-raht_r03.ply,3.226979502
p56_gpcc-octree-raht_r04.ply,4.59706816
p56_gpcc-octree-raht_r05.ply,4.69476242
p56_gpcc-octree-raht_r06.ply,4.707986859
p56_vpcc_r00.ply,1.656196981
p56_vpcc_r01.ply,2.39441292
p56_vpcc_r02.ply,2.889707503
p56_vpcc_r03.ply,3.39756445
p56_vpcc_r04.ply,3.860098574
p56_vpcc_r05.ply,4.301037549
p57_geocnn_r01.ply,3.009448702
p57_geocnn_r02.ply,3.86235418
p57_geocnn_r03.ply,4.442475932
p57_geocnn_r04.ply,4.271015177
p57_gpcc-octree-predlift_r02.ply,1.302066411
p57_gpcc-octree-predlift_r03.ply,2.641010331
p57_gpcc-octree-predlift_r04.ply,4.131134718
p57_gpcc-octree-predlift_r05.ply,4.45242974
p57_gpcc-octree-predlift_r06.ply,4.225220407
p57_gpcc-octree-raht_r02.ply,1.300589193
p57_gpcc-octree-raht_r03.ply,2.855015407
p57_gpcc-octree-raht_r04.ply,4.133991247
p57_gpcc-octree-raht_r05.ply,4.200136476
p57_gpcc-octree-raht_r06.ply,4.342447008
p57_vpcc_r00.ply,2.419139331
p57_vpcc_r01.ply,3.145711955
p57_vpcc_r02.ply,3.902911403
p57_vpcc_r03.ply,4.138469658
p57_vpcc_r04.ply,4.332537405
p57_vpcc_r05.ply,4.341575609
p58_geocnn_r01.ply,2.704143026
p58_geocnn_r02.ply,3.362763119
p58_geocnn_r03.ply,3.863402614
p58_geocnn_r04.ply,3.668401365
p58_gpcc-octree-predlift_r02.ply,1.291111214
p58_gpcc-octree-predlift_r03.ply,2.788944036
p58_gpcc-octree-predlift_r04.ply,4.100542129
p58_gpcc-octree-predlift_r05.ply,4.551615868
p58_gpcc-octree-predlift_r06.ply,4.543487173
p58_gpcc-octree-raht_r02.ply,1.659684686
p58_gpcc-octree-raht_r03.ply,2.906914152
p58_gpcc-octree-raht_r04.ply,4.045772766
p58_gpcc-octree-raht_r05.ply,4.340798749
p58_gpcc-octree-raht_r06.ply,4.403024957
p58_vpcc_r00.ply,2.663626127
p58_vpcc_r01.ply,3.23201845
p58_vpcc_r02.ply,3.961823573
p58_vpcc_r03.ply,4.20918926
p58_vpcc_r04.ply,4.212241478
p58_vpcc_r05.ply,4.298564262
p59_geocnn_r01.ply,3.028681024
p59_geocnn_r02.ply,3.903606565
p59_geocnn_r03.ply,3.722147917
p59_geocnn_r04.ply,3.882077481
p59_gpcc-octree-predlift_r02.ply,1.29697039
p59_gpcc-octree-predlift_r03.ply,2.553241209
p59_gpcc-octree-predlift_r04.ply,3.764816305
p59_gpcc-octree-predlift_r05.ply,4.244827575
p59_gpcc-octree-predlift_r06.ply,4.344014092
p59_gpcc-octree-raht_r02.ply,1.313052822
p59_gpcc-octree-raht_r03.ply,2.372908229
p59_gpcc-octree-raht_r04.ply,3.551949657
p59_gpcc-octree-raht_r05.ply,4.251386231
p59_gpcc-octree-raht_r06.ply,4.219517736
p59_vpcc_r00.ply,2.119839459
p59_vpcc_r01.ply,2.711937089
p59_vpcc_r02.ply,3.146313242
p59_vpcc_r03.ply,3.992465395
p59_vpcc_r04.ply,4.096196738
p59_vpcc_r05.ply,4.197061059
p60_geocnn_r01.ply,2.960392441
p60_geocnn_r02.ply,3.580412687
p60_geocnn_r03.ply,3.763037565
p60_geocnn_r04.ply,4.019666862
p60_gpcc-octree-predlift_r02.ply,1.637487987
p60_gpcc-octree-predlift_r03.ply,2.891705732
p60_gpcc-octree-predlift_r04.ply,4.408562962
p60_gpcc-octree-predlift_r05.ply,4.377641831
p60_gpcc-octree-predlift_r06.ply,4.648183406
p60_gpcc-octree-raht_r02.ply,1.501848528
p60_gpcc-octree-raht_r03.ply,2.773132596
p60_gpcc-octree-raht_r04.ply,4.110307629
p60_gpcc-octree-raht_r05.ply,4.455143473
p60_gpcc-octree-raht_r06.ply,4.525313237
p60_vpcc_r00.ply,2.545480272
p60_vpcc_r01.ply,3.554710073
p60_vpcc_r02.ply,4.242311831
p60_vpcc_r03.ply,4.341024197
p60_vpcc_r04.ply,4.606787596
p60_vpcc_r05.ply,4.681665952
p66_geocnn_r01.ply,3.282988809
p66_geocnn_r02.ply,4.240204208
p66_geocnn_r03.ply,4.378614418
p66_geocnn_r04.ply,4.474890628
p66_gpcc-octree-predlift_r02.ply,1.264118519
p66_gpcc-octree-predlift_r03.ply,3.138929965
p66_gpcc-octree-predlift_r04.ply,4.276442139
p66_gpcc-octree-predlift_r05.ply,4.652210567
p66_gpcc-octree-predlift_r06.ply,4.733174021
p66_gpcc-octree-raht_r02.ply,1.311417432
p66_gpcc-octree-raht_r03.ply,2.760133355
p66_gpcc-octree-raht_r04.ply,4.050416732
p66_gpcc-octree-raht_r05.ply,4.460358755
p66_gpcc-octree-raht_r06.ply,4.672288031
p66_vpcc_r00.ply,1.66468534
p66_vpcc_r01.ply,2.765893309
p66_vpcc_r02.ply,3.466318078
p66_vpcc_r03.ply,4.054035604
p66_vpcc_r04.ply,4.223417414
p66_vpcc_r05.ply,4.342792416
p67_geocnn_r01.ply,2.874972718
p67_geocnn_r02.ply,3.849290442
p67_geocnn_r03.ply,4.062737173
p67_geocnn_r04.ply,4.289547425
p67_gpcc-octree-predlift_r02.ply,1.380175034
p67_gpcc-octree-predlift_r03.ply,3.059535628
p67_gpcc-octree-predlift_r04.ply,4.549355116
p67_gpcc-octree-predlift_r05.ply,4.477685234
p67_gpcc-octree-predlift_r06.ply,4.497375629
p67_gpcc-octree-raht_r02.ply,1.145133668
p67_gpcc-octree-raht_r03.ply,2.944990442
p67_gpcc-octree-raht_r04.ply,4.295487728
p67_gpcc-octree-raht_r05.ply,4.5391638
p67_gpcc-octree-raht_r06.ply,4.682497969
p67_vpcc_r00.ply,2.391726045
p67_vpcc_r01.ply,3.440946917
p67_vpcc_r02.ply,3.909153367
p67_vpcc_r03.ply,4.351303534
p67_vpcc_r04.ply,4.498156017
p67_vpcc_r05.ply,4.460794476
p68_geocnn_r03.ply,4.498506868
p68_geocnn_r04.ply,4.651339326
p68_gpcc-octree-predlift_r02.ply,1.275107362
p68_gpcc-octree-predlift_r03.ply,3.255462294
p68_gpcc-octree-predlift_r04.ply,4.345723406
p68_gpcc-octree-predlift_r05.ply,4.361668898
p68_gpcc-octree-predlift_r06.ply,4.616684275
p68_gpcc-octree-raht_r02.ply,1.13505233
p68_gpcc-octree-raht_r03.ply,3.576771602
p68_gpcc-octree-raht_r04.ply,4.438555016
p68_gpcc-octree-raht_r05.ply,4.624152716
p68_gpcc-octree-raht_r06.ply,4.692299606
p68_vpcc_r00.ply,2.03252592
p68_vpcc_r01.ply,3.392602822
p68_vpcc_r02.ply,4.027700484
p68_vpcc_r03.ply,4.233450365
p68_vpcc_r04.ply,4.463887286
p68_vpcc_r05.ply,4.57383482
p69_geocnn_r01.ply,3.833634326
p69_geocnn_r02.ply,4.170787567
p69_geocnn_r03.ply,4.226210011
p69_geocnn_r04.ply,4.671893566
p69_gpcc-octree-predlift_r02.ply,1.410270621
p69_gpcc-octree-predlift_r03.ply,3.195681597
p69_gpcc-octree-predlift_r04.ply,4.241368551
p69_gpcc-octree-predlift_r05.ply,4.570485193
p69_gpcc-octree-predlift_r06.ply,4.655660128
p69_gpcc-octree-raht_r02.ply,1.430688888
p69_gpcc-octree-raht_r03.ply,2.527734403
p69_gpcc-octree-raht_r04.ply,4.013587098
p69_gpcc-octree-raht_r05.ply,4.71609757
p69_gpcc-octree-raht_r06.ply,4.650161543
p69_vpcc_r00.ply,2.140081818
p69_vpcc_r01.ply,2.770917851
p69_vpcc_r02.ply,3.347608516
p69_vpcc_r03.ply,4.113035234
p69_vpcc_r04.ply,4.5641375
p69_vpcc_r05.ply,4.488378451
p70_geocnn_r01.ply,3.871668974
p70_geocnn_r02.ply,4.43406935
p70_geocnn_r03.ply,4.486516882
p70_geocnn_r04.ply,4.296197754
p70_gpcc-octree-predlift_r02.ply,1.180481779
p70_gpcc-octree-predlift_r03.ply,2.630280335
p70_gpcc-octree-predlift_r04.ply,4.211651708
p70_gpcc-octree-predlift_r05.ply,4.481888297
p70_gpcc-octree-predlift_r06.ply,4.493858425
p70_gpcc-octree-raht_r02.ply,1.199409115
p70_gpcc-octree-raht_r03.ply,2.355662536
p70_gpcc-octree-raht_r04.ply,4.144979078
p70_gpcc-octree-raht_r05.ply,4.467903076
p70_gpcc-octree-raht_r06.ply,4.442222357
p70_vpcc_r00.ply,1.591105707
p70_vpcc_r01.ply,2.438644052
p70_vpcc_r02.ply,3.272339742
p70_vpcc_r03.ply,4.121896675
p70_vpcc_r04.ply,4.378679361
p70_vpcc_r05.ply,4.350553045
p71_geocnn_r01.ply,3.434044557
p71_geocnn_r02.ply,4.470613577
p71_geocnn_r03.ply,4.497787882
p71_geocnn_r04.ply,4.537475617
p71_gpcc-octree-predlift_r02.ply,1.448794458
p71_gpcc-octree-predlift_r03.ply,3.166313941
p71_gpcc-octree-predlift_r04.ply,4.273587904
p71_gpcc-octree-predlift_r05.ply,4.621521209
p71_gpcc-octree-predlift_r06.ply,4.628672986
p71_gpcc-octree-raht_r02.ply,1.205814864
p71_gpcc-octree-raht_r03.ply,2.877400005
p71_gpcc-octree-raht_r04.ply,4.179204515
p71_gpcc-octree-raht_r05.ply,4.632177508
p71_gpcc-octree-raht_r06.ply,4.516690949
p71_vpcc_r00.ply,2.050404173
p71_vpcc_r01.ply,2.535435619
p71_vpcc_r02.ply,3.432297878
p71_vpcc_r03.ply,3.483178962
p71_vpcc_r04.ply,3.894347077
p71_vpcc_r05.ply,4.03092381
p72_geocnn_r01.ply,3.089644256
p72_geocnn_r02.ply,3.490208956
p72_geocnn_r03.ply,3.635913127
p72_geocnn_r04.ply,4.015282102
p72_gpcc-octree-predlift_r02.ply,1.258992429
p72_gpcc-octree-predlift_r03.ply,2.591746993
p72_gpcc-octree-predlift_r04.ply,4.12372481
p72_gpcc-octree-predlift_r05.ply,4.231493233
p72_gpcc-octree-predlift_r06.ply,4.524153853
p72_gpcc-octree-raht_r02.ply,1.183854788
p72_gpcc-octree-raht_r03.ply,2.633532503
p72_gpcc-octree-raht_r04.ply,3.896266779
p72_gpcc-octree-raht_r05.ply,4.254045623
p72_gpcc-octree-raht_r06.ply,4.437200757
p72_vpcc_r00.ply,1.858162501
p72_vpcc_r01.ply,2.605488288
p72_vpcc_r02.ply,3.393405269
p72_vpcc_r03.ply,3.701916191
p72_vpcc_r04.ply,4.073069575
p72_vpcc_r05.ply,4.342173706
p73_geocnn_r01.ply,3.649274485
p73_geocnn_r02.ply,3.899932914
p73_geocnn_r03.ply,4.411956622
p73_geocnn_r04.ply,4.546684715
p73_gpcc-octree-predlift_r02.ply,1.42797454
p73_gpcc-octree-predlift_r03.ply,3.265766927
p73_gpcc-octree-predlift_r04.ply,4.319596144
p73_gpcc-octree-predlift_r05.ply,4.566920727
p73_gpcc-octree-predlift_r06.ply,4.556103949
p73_gpcc-octree-raht_r02.ply,1.315802633
p73_gpcc-octree-raht_r03.ply,3.332708435
p73_gpcc-octree-raht_r04.ply,4.321568557
p73_gpcc-octree-raht_r05.ply,4.574678823
p73_gpcc-octree-raht_r06.ply,4.553863659
p73_vpcc_r00.ply,2.651339738
p73_vpcc_r01.ply,3.545869745
p73_vpcc_r02.ply,4.064700916
p73_vpcc_r03.ply,4.288429318
p73_vpcc_r04.ply,4.542811561
p73_vpcc_r05.ply,4.590102016
p74_geocnn_r01.ply,1.91835257
p74_geocnn_r02.ply,3.503402544
p74_geocnn_r03.ply,3.792132973
p74_geocnn_r04.ply,3.774499143
p74_gpcc-octree-predlift_r02.ply,1.173672691
p74_gpcc-octree-predlift_r03.ply,2.196661715
p74_gpcc-octree-predlift_r04.ply,3.71025073
p74_gpcc-octree-predlift_r05.ply,4.034833796
p74_gpcc-octree-predlift_r06.ply,4.166182535
p74_gpcc-octree-raht_r02.ply,1.251558149
p74_gpcc-octree-raht_r03.ply,2.195819896
p74_gpcc-octree-raht_r04.ply,3.808724067
p74_gpcc-octree-raht_r05.ply,4.072715324
p74_gpcc-octree-raht_r06.ply,4.035181494
p74_vpcc_r00.ply,2.379901146
p74_vpcc_r01.ply,3.116440048
p74_vpcc_r02.ply,3.988929681
p74_vpcc_r03.ply,4.070927011
p74_vpcc_r04.ply,4.011737883
p74_vpcc_r05.ply,4.180545074
p75_geocnn_r01.ply,2.533589959
p75_geocnn_r02.ply,3.340161656
p75_geocnn_r03.ply,3.524951438
p75_geocnn_r04.ply,4.046083483
p75_gpcc-octree-predlift_r02.ply,1.334273339
p75_gpcc-octree-predlift_r03.ply,2.927060718
p75_gpcc-octree-predlift_r04.ply,4.158367716
p75_gpcc-octree-predlift_r05.ply,4.402113156
p75_gpcc-octree-predlift_r06.ply,4.182528889
p75_gpcc-octree-raht_r02.ply,1.315228544
p75_gpcc-octree-raht_r03.ply,2.616288413
p75_gpcc-octree-raht_r04.ply,4.225282671
p75_gpcc-octree-raht_r05.ply,4.354703905
p75_gpcc-octree-raht_r06.ply,4.131080109
p75_vpcc_r00.ply,2.002676094
p75_vpcc_r01.ply,3.329829155
p75_vpcc_r02.ply,3.620569436
p75_vpcc_r03.ply,4.004614957
p75_vpcc_r04.ply,3.97019618
p75_vpcc_r05.ply,3.768443494
